{
  "meta_title": "",
  "meta_description": "",
  "sections": [
    {
      "type": "banner-slider",
      "autoplay": 9000,
      "full_width": false,
      "slides": [
        {
          "img": "/img/uploads/brazil-imperial-banner.jpg",
          "link": "",
          "alt": "",
          "start": "",
          "end": "",
          "mobile_img": ""
        },
        {
          "start": "",
          "end": "",
          "img": "/img/uploads/brass-birmingham-title-reduzido.jpg"
        },
        {
          "start": "",
          "end": "",
          "img": "/img/uploads/kemet-banner.jpg"
        }
      ]
    },
    {
      "type": "dynamic-showcase",
      "load_more": true
    }
  ]
}